Country,Region,Lifeexpectancyatbirth,Gross_national_income_percapita,Totalfertilityrate,Meanyearsofschooling,Population25Older_SomeSecondaryEducation,MaternalMortality_per100Kbirths,2011_PPP_GDP_billions,AnnualGrowthPPP_GDP_pct,PctInternetUsers,PctMobilePhone,PctWomenWBankAcct_orMobileMoneyProvider,MandatoryPaidMatLeave_Days,Female_Est_GNI__2011USD,Male_Est_GNI_2011USD,FemaleLaborForcePartRate_15orOlder,MaleLaborForcePartRate_15orOlder,Female_LifeExp,MaleLifeExp,FemaleMeanYrsSchool,MaleYrsSchool,Women_PctSeatsinparliament,BirthRate_PerK_Ages15_19,FossilFuelPercent,RenewableEnergyFinalPct,PerCapitaCO2_emissions,ForestPctOfTotalLand,PctChangeForest,IncomeShareBottom40pct,IncomeShareofTop10pct,IncomeShareTop1pct
Norway,europe,82.3,"68,059",1.7,12.6,95.4,5,347.8,0.7,96.5,107.2,100.0,..,"60,283","75,688",60.2,66.7,84.3,80.3,12.6,12.5,41.4,5.1,56.95163,57.772,6.764301082,33.17786,-0.115284014,23.1,22.3,8.4
Switzerland,europe,83.6,"59,375",1.5,13.4,96.5,5,502.6,1.8,89.7,129.6,98.9,98,"49,275","69,649",62.6,74.1,85.5,81.7,12.7,13.6,29.3,2.8,50.16823,25.29198,4.52737181,31.83015,9.314837406,20.3,25.2,11.9
Ireland,europe,82.1,"55,660",1.8,12.5,88.3,8,341.5,5.6,84.5,103.2,95.3,182,"44,921","66,583",55.1,68.1,83.7,80.4,12.7,12.3,24.3,7.5,85.34282,9.0814,7.851306461,11.02773,63.37634671,20.9,25.4,12.8
Germany,europe,81.2,"46,946",1.6,14.1,96.3,6,"3,811.3",1.1,89.7,129.3,99.2,98,"38,470","55,649",55.3,66.2,83.6,78.8,13.7,14.6,31.5,8.1,78.86255,14.20625,8.901197959,32.69121,1.004256836,20.7,24.8,11.1
"Hong Kong, China (SAR)",asia,84.7,"60,221",1.3,12.0,79.4,5,427.1,2.2,89.4,259.4,94.7,70,"43,852","79,385",54.1,67.8,87.6,81.8,11.6,12.5,..,2.7,93.17288,0.85278,6.175017692,..,..,..,..,..
Australia,oceania,83.3,"44,097",1.8,12.7,90.4,6,"1,135.6",1.2,86.5,113.6,99.2,..,"35,900","52,359",59.7,70.5,85.3,81.3,12.7,12.6,32.7,11.7,89.62563,9.1805,16.171564,16.25828,-2.831804998,18.8,27.8,9.1
Iceland,europe,82.9,"47,566",1.8,12.5,100.0,3,17.2,1.6,99.0,126.1,..,90,"39,246","55,824",72.1,80.6,84.4,81.3,12.3,12.7,38.1,6.3,11.28887,77.02969,6.216022588,0.50374,213.6645888,23.2,23.5,6.8
Sweden,europe,82.7,"47,955",1.9,12.4,88.9,4,480.6,1.1,92.1,125.1,100.0,..,"41,919","53,979",61.1,67.6,84.4,80.9,12.5,12.3,46.1,5.1,25.1171,53.24777,3.863153005,68.92293,0.779804327,22.1,22.9,8.3
Singapore,asia,83.5,"83,793",1.2,11.5,79.6,10,508.0,2.7,88.2,145.7,96.3,105,"74,600","92,163",60.5,76.3,85.6,81.3,11.1,12.0,23.0,3.5,90.57887,0.70864,8.006354851,23.06065,-5.500707252,..,..,14
Netherlands,europe,82.1,"50,013",1.7,12.2,88.3,7,858.2,2.1,94.7,120.6,99.8,112,"40,573","59,536",58.0,68.9,83.8,80.4,11.9,12.5,35.6,3.8,93.461,5.88946,9.249765698,11.17839,9.38623,22.8,23,6.2
Denmark,europe,80.8,"48,836",1.8,12.6,89.3,6,276.4,0.9,97.6,125.1,100.0,126,"41,026","56,732",58.1,65.9,82.8,78.8,12.7,12.4,37.4,4.1,64.92709,33.17028,5.857810475,14.69921,14.70906518,23.3,23.8,12.8
Finland,europe,81.7,"41,779",1.5,12.4,100.0,3,231.2,2.1,88.9,132.2,99.6,147,"35,066","48,689",55.0,62.2,84.6,78.9,12.6,12.3,42.0,5.8,40.20798,43.23526,8.280170318,73.10717,1.79525886,23.4,22.4,7.3
Canada,northamerica,82.3,"43,602",1.5,13.3,100.0,7,"1,632.5",0.5,91.0,89.2,99.9,105,"35,118","52,221",60.9,69.7,84.3,80.3,13.5,13.1,31.7,8.4,74.08906,22.02536,14.86317325,38.16155,-0.359084325,18.9,25.3,13.6
New Zealand,oceania,82.1,"35,108",1.9,12.7,96.9,11,177.6,0.9,90.8,134.9,99.3,112,"26,754","43,745",64.6,75.7,83.9,80.4,12.6,12.8,38.3,19.3,59.74917,30.78918,6.536224061,38.55608,5.117003472,..,..,8.2
United Kingdom,europe,81.2,"39,507",1.8,13.0,84.5,9,"2,670.1",0.7,94.9,117.5,96.1,42,"28,526","50,771",57.1,67.8,83.0,79.5,12.9,13.0,28.9,13.4,80.35177,8.71169,5.598046902,13.06576,13.78689705,19.7,25.4,11.7
United States,northamerica,78.9,"56,140",1.8,13.4,95.6,14,"18,217.0",2.2,87.3,123.7,92.7,..,"44,465","68,061",56.1,68.2,81.4,76.3,13.5,13.4,23.6,19.9,82.42783,8.71694,14.96235813,33.92979,2.748073971,15.2,30.6,20.2
Belgium,europe,81.5,"43,821",1.7,11.8,84.8,7,493.6,1.0,88.7,103.4,98.8,105,"34,928","52,927",47.9,58.9,83.8,79.1,11.6,11.9,41.4,4.7,75.87078,9.20164,8.063732009,22.58388,..,22.6,22.2,6.7
Japan,asia,84.5,"40,799",1.4,12.8,93.6,5,"4,971.8",1.0,84.6,139.2,98.1,98,"28,784","53,384",51.4,70.7,87.5,81.3,13.0,12.6,13.7,3.8,93.02646,6.29736,8.978543246,68.45622,0.036627814,20.3,24.7,10.4
Austria,europe,81.4,"46,231",1.5,12.6,100.0,4,411.2,2.2,87.7,123.5,98.4,112,"32,618","60,303",54.8,65.9,83.8,79.0,12.3,13.0,34.8,7.3,65.66182,34.39499,7.188503059,46.90571,2.581402703,21.1,23.8,8.2
Luxembourg,europe,82.1,"65,543",1.5,12.2,100.0,10,57.0,0.7,97.1,132.2,98.2,112,"53,006","77,851",53.5,62.7,84.2,80.0,11.8,12.6,20.0,4.7,80.5623,9.03131,14.63063474,35.67901,..,19.3,25.4,9.1
Israel,middleeast,82.8,"33,650",3.0,13.0,89.1,5,299.0,1.3,81.6,127.7,93.7,105,"24,616","42,792",59.2,69.1,84.4,81.1,13.0,13.0,27.5,9.6,97.38212,3.70777,7.860663203,7.72643,26.66666435,15.9,27.7,..
Korea,asia,82.8,"36,757",1.1,12.2,95.2,11,"1,899.0",2.3,95.9,129.7,94.7,90,"23,228","50,241",52.8,73.3,85.8,79.7,11.5,12.9,17.0,1.4,81.02848,2.7077,11.55616027,63.35484,-4.062676168,20.3,23.8,12.2
Slovenia,europe,81.2,"32,143",1.6,12.3,97.6,9,67.7,4.4,79.7,118.7,96.9,105,"28,832","35,487",53.4,62.7,83.9,78.4,12.2,12.3,20.0,3.8,61.1142,20.8774,6.549963601,61.97001,5.056905842,24.1,21,6.7
Spain,europe,83.4,"35,041",1.3,9.8,75.8,5,"1,637.9",2.3,86.1,115.9,91.6,112,"28,086","42,250",51.7,63.4,86.1,80.7,9.7,10.0,38.6,7.7,72.95555,16.2541,5.117195257,36.93621,33.58509383,17.5,26.2,9.8
Czechia,europe,79.2,"31,597",1.6,12.7,99.8,4,355.1,2.6,80.7,119.2,78.6,196,"24,114","39,327",52.4,68.4,81.8,76.6,12.5,13.0,20.3,12.0,77.73459,14.82856,9.548956164,34.56358,1.587226292,24.4,22.1,9.5
France,europe,82.5,"40,511",1.9,11.4,83.5,8,"2,649.7",1.5,82.0,108.4,91.3,112,"33,002","48,510",50.3,60.0,85.4,79.6,11.2,11.6,35.7,4.7,46.48797,13.49926,4.529656553,31.23328,18.46967187,20.7,26.6,10.8
Malta,europe,82.4,"34,795",1.5,11.3,78.2,9,18.4,3.1,81.4,140.2,97.0,126,"25,023","44,518",43.3,66.2,84.1,80.5,11.0,11.6,11.9,12.9,97.78846,5.355,3.104813837,1.09375,0,21.9,23.6,11.7
Italy,europe,83.4,"36,141",1.3,10.2,79.6,4,"2,159.8",1.0,74.4,137.5,91.6,150,"26,471","46,360",40.0,58.4,85.4,81.1,10.0,10.5,35.6,5.2,79.94845,16.51685,5.368522458,31.7903,23.18637807,18,25.7,7.5
Estonia,europe,78.6,"30,379",1.6,13.0,100.0,9,40.9,3.6,89.4,145.4,98.4,140,"22,999","38,653",57.0,70.9,82.6,74.1,13.4,12.6,26.7,7.7,13.05622,27.47683,12.43439093,51.33656,-1.35282788,20,24.4,7
Cyprus,asia,80.8,"33,100",1.3,12.1,80.3,7,29.6,2.7,84.4,100.9,90.0,126,"27,791","38,404",57.3,67.2,82.9,78.7,12.0,12.2,17.9,4.6,92.90622,9.94207,5.357263412,18.68723,7.175220356,20,27.4,8.6
Greece,europe,82.1,"24,909",1.3,10.5,64.8,3,269.7,2.2,73.0,115.7,84.5,119,"19,747","30,264",45.3,60.7,84.5,79.6,10.3,10.8,18.7,7.2,82.57464,17.17005,5.94214797,31.68503,23.80115038,17.7,26.2,10.8
Poland,europe,78.5,"27,626",1.4,12.3,85.3,3,"1,091.9",5.1,77.5,134.7,88.0,140,"21,876","33,739",48.9,65.5,82.4,74.6,12.3,12.3,25.5,10.5,90.29138,11.91149,7.716057345,30.88344,6.511525045,21.3,24.6,12.5
Lithuania,europe,75.7,"29,775",1.7,13.0,94.9,10,86.7,4.9,79.7,164.3,81.0,126,"25,665","34,560",56.4,66.7,81.2,70.1,13.0,13.0,21.3,10.9,67.99375,28.96118,3.723408121,34.83286,12.25314039,17.7,28.6,7
United Arab Emirates,middleeast,77.8,"66,912",1.4,11.0,70.7,6,641.6,-0.1,98.5,208.5,76.4,45,"24,211","85,772",51.2,93.4,79.2,77.1,12.0,9.8,22.5,6.5,86.12835,0.13711,20.48984188,4.55731,32.10612394,..,..,22.8
Saudi Arabia,middleeast,75.0,"49,338",2.3,9.7,72.8,12,"1,651.1",0.4,93.3,122.6,58.2,70,"18,166","72,328",23.4,79.2,76.6,73.8,9.0,10.1,19.9,7.3,99.92802,0.00598,16.25089344,0.45448,0,..,..,19.7
Slovakia,europe,77.4,"30,672",1.5,12.6,99.3,6,170.6,4.0,80.7,132.8,83.1,238,"23,683","38,045",52.7,67.4,80.8,73.8,12.5,12.7,20.0,25.7,64.0915,13.40917,5.551816124,40.35358,0.988918975,23.1,20.9,5.2
Latvia,europe,75.2,"26,301",1.7,12.8,99.2,18,50.9,5.6,83.6,107.3,92.5,112,"21,857","31,520",55.4,68.0,79.9,70.1,13.1,12.5,31.0,16.2,56.71743,38.09802,3.44431804,53.97877,5.807234877,19.4,26.1,7.6
Portugal,europe,81.9,"27,935",1.3,9.2,54.2,10,295.0,2.3,74.7,115.6,90.6,..,"23,627","32,738",53.9,64.2,84.7,78.8,9.2,9.2,34.8,8.4,77.02412,27.1573,4.588041805,34.61142,-7.830463329,18.7,27.3,7.4
Qatar,middleeast,80.1,"110,489",1.9,9.7,67.5,13,313.0,-0.6,99.7,141.9,61.6,50,"57,209","127,774",57.8,94.7,81.9,79.0,11.1,9.3,9.8,9.9,99.99503,0,29.78894459,0,0,..,..,29
Chile,southamerica,80.0,"21,972",1.7,10.4,79.3,22,428.4,2.6,82.3,134.4,71.3,126,"15,211","28,933",51.0,74.2,82.4,77.6,10.3,10.6,22.7,41.1,74.64721,24.88255,4.683930007,24.25693,18.16681374,14.4,37.9,23.7
Brunei Darussalam,asia,75.7,"76,389",1.8,9.1,70.1,23,30.8,-1.0,94.6,131.9,..,91,"65,914","86,071",58.2,71.7,77.0,74.6,9.1,9.1,9.1,10.3,99.99519,0.01494,15.05478799,72.10626,-7.99031477,..,..,..
Hungary,europe,76.7,"27,144",1.5,11.9,97.2,17,275.9,5.1,76.1,103.4,72.2,168,"21,010","33,906",48.3,65.0,80.1,73.1,11.7,12.1,12.6,24.0,69.54979,15.55936,4.50365145,22.90512,14.29665305,21.1,23.8,7.7
Bahrain,middleeast,77.2,"40,399",2.0,9.4,59.6,15,65.9,-3.1,98.6,133.3,75.4,60,"18,422","52,949",44.5,87.3,78.3,76.3,9.3,9.5,18.8,13.4,99.36585,0,20.78774464,0.78406,145.9102569,..,..,18
Croatia,europe,78.3,"23,061",1.4,11.4,95.7,8,96.7,3.5,72.7,105.6,82.7,208,"19,441","26,960",45.7,58.2,81.5,75.1,10.9,12.0,18.5,8.7,70.70366,33.12747,3.767997069,34.35311,3.82066859,20.4,23.2,7.6
Oman,middleeast,77.6,"37,039",2.9,9.7,66.4,17,177.9,-1.3,80.2,133.4,63.5,50,"11,435","50,238",31.0,88.7,80.1,75.9,10.6,9.4,8.8,13.1,99.96317,0,14.09576089,0.00646,0,..,..,19.5
Argentina,southamerica,76.5,"17,611",2.3,10.6,64.8,52,813.5,-3.5,74.3,132.1,50.8,90,"12,084","23,419",49.0,72.8,79.9,73.1,10.7,10.5,39.5,62.8,87.72241,10.04008,4.380320517,9.79841,-22.92932711,15.3,29.4,..
Russian Federation,asia,72.4,"25,036",1.8,12.0,95.9,25,"3,763.2",2.3,80.9,157.4,76.1,140,"19,969","30,904",54.9,70.5,77.6,66.9,11.9,12.1,16.1,20.7,92.14288,3.30423,9.902558646,49.75856,0.814678533,18,29.7,20.2
Belarus,europe,74.6,"17,039",1.7,12.3,92.2,4,168.3,3.2,79.1,122.9,81.3,126,"13,923","20,616",58.1,70.3,79.4,69.4,12.2,12.4,33.1,14.5,92.44038,6.77087,5.621321915,42.63011,11.14512599,24.1,21.3,..
Kazakhstan,asia,73.2,"22,168",2.8,11.8,98.6,12,452.1,2.7,78.9,142.0,60.3,126,"16,492","28,197",65.2,77.1,77.3,68.8,11.9,11.7,22.1,29.8,99.17391,1.55844,12.89637579,1.22569,-3.302162478,23.4,23,..
Bulgaria,europe,74.9,"19,646",1.6,11.8,95.1,11,135.7,3.8,64.8,118.1,73.6,410,"15,621","23,905",49.5,61.6,78.5,71.4,11.9,11.8,23.8,39.9,71.04592,17.65008,5.664606577,35.37399,17.62621289,17.8,28.8,8.4
Montenegro,europe,76.8,"17,511",1.8,11.4,91.6,7,10.8,4.9,71.5,180.7,67.6,45,"14,457","20,634",43.6,58.1,79.2,74.3,10.7,12.0,23.5,9.3,64.6647,43.00406,3.368597592,61.48699,32.1086262,20.8,25.7,6.4
Romania,europe,75.9,"23,906",1.6,11.0,90.0,31,478.0,4.7,70.7,116.2,53.6,126,"19,487","28,569",45.6,64.2,79.4,72.5,10.6,11.3,18.7,36.2,72.52369,23.69779,3.429380816,30.12083,8.432145512,16.9,24.7,6.8
Palau,oceania,73.7,"16,720",..,12.4,97.1,..,0.3,4.4,..,134.4,..,..,..,..,..,..,..,..,..,..,13.8,..,..,0,..,87.60869,..,..,..,..
Barbados,caribbean,79.1,"15,912",1.6,10.6,92.9,27,4.8,0.8,81.8,122.6,..,84,"13,686","18,292",61.9,69.6,80.4,77.7,10.9,10.3,27.5,33.6,..,2.78636,..,14.65116,0,..,..,..
Kuwait,middleeast,75.4,"71,164",2.1,7.3,51.5,4,271.1,-0.7,99.6,178.6,73.5,70,"49,067","85,620",57.5,85.3,76.5,74.7,8.0,6.9,3.1,8.2,93.68989,0,22.79323961,0.35073,81.15941779,..,..,19.9
Uruguay,souhamerica,77.8,"19,435",2.0,8.7,56.0,15,72.1,1.2,68.3,149.9,60.6,98,"14,901","24,292",55.8,73.8,81.4,74.0,9.0,8.4,22.3,58.7,46.27031,58.02204,1.847477125,10.67158,134.1113084,16.5,29.7,14
Turkey,europe,77.4,"24,905",2.1,7.7,53.1,16,"2,081.6",1.0,71.0,97.3,54.3,112,"15,921","34,137",33.5,72.6,80.3,74.4,6.9,8.4,17.4,26.6,86.84319,13.37423,4.24366823,15.35465,22.81646633,15.6,32.1,23.4
Bahamas,caribbean,73.8,"28,395",1.8,11.5,88.4,80,11.0,0.4,85.0,99.0,..,91,"22,830","34,288",67.6,82.0,75.9,71.5,11.7,11.4,21.8,30.0,..,1.21051,..,51.44855,0,..,..,..
Malaysia,asia,76.0,"27,227",2.0,10.2,80.8,40,888.4,3.3,81.2,134.5,82.5,60,"20,820","33,279",50.9,77.4,78.2,74.1,10.0,10.3,15.8,13.4,96.6282,5.19444,7.044335582,67.59762,-0.745445036,15.9,31.3,14.5
Seychelles,africa,73.3,"25,077",2.5,9.7,..,..,2.6,2.6,58.8,184.3,..,98,..,..,..,..,77.3,69.8,..,..,21.2,62.1,..,1.35294,..,88.41304,0,15.2,39.9,..
Trinidad and Tobago,caribbean,73.4,"28,497",1.7,11.0,73.4,63,39.8,0.3,77.3,140.1,73.6,98,"22,266","34,878",50.4,71.3,76.1,70.8,11.1,10.9,30.1,30.1,99.91951,0.28421,15.32419641,46.02339,-1.911088867,..,..,..
Iran (Islamic Republic of),middleeast,76.5,"18,166",2.2,10.0,69.8,25,"1,540.7",2.3,70.0,108.5,91.6,270,"5,809","30,250",16.8,71.2,77.7,75.4,9.9,10.1,5.9,40.6,99.02258,0.91301,7.080828992,6.56449,17.80421212,16.6,30.9,16.3
Mauritius,africa,74.9,"22,724",1.4,9.4,66.9,53,26.7,3.7,58.6,151.4,87.1,98,"14,261","31,385",45.0,71.8,78.4,71.5,9.3,9.5,11.6,25.7,84.54236,11.53736,3.198440404,19.03448,-5.985399455,19.2,29,7.1
Panama,northamerica,78.3,"20,455",2.5,10.2,72.2,94,94.7,1.9,57.9,130.1,42.3,98,"16,106","24,788",52.5,80.5,81.6,75.2,10.4,9.9,18.3,81.8,80.71266,21.23415,2.515680896,61.88593,-8.718252031,11.5,37.7,..
Costa Rica,northamerica,80.1,"14,790",1.8,8.7,52.9,25,78.4,1.6,74.1,169.9,60.9,120,"10,566","19,015",45.7,74.6,82.7,77.5,8.8,8.5,45.6,53.5,49.88027,38.73341,1.526734696,54.56717,8.666144741,12.8,37,..
Albania,europe,78.5,"12,300",1.6,10.1,92.9,29,35.3,4.3,71.8,94.2,38.1,365,"9,781","14,725",47.2,64.9,80.2,76.8,9.9,10.2,27.9,19.6,61.4218,38.61521,1.272849096,28.1219,-2.314909996,22.1,22.9,6.4
Georgia,asia,73.6,"9,570",2.1,12.8,98.0,36,37.9,4.6,64.0,133.4,63.6,183,"6,505","12,929",57.8,78.7,78.0,69.2,12.8,12.8,16.0,46.4,72.20954,28.66254,2.194025576,40.61591,2.558135986,17.4,28.9,..
Sri Lanka,asia,76.8,"11,611",2.2,11.1,82.8,30,259.1,2.1,34.1,115.1,73.4,84,"6,766","16,852",34.9,72.2,80.1,73.4,10.5,11.6,5.8,20.9,50.54557,52.87589,0.994188192,32.90384,-9.658498146,17.7,32.9,..
Cuba,caribbean,78.7,"7,811",1.6,11.8,87.4,39,..,1.7,57.1,47.4,..,..,"5,035","10,625",40.0,67.4,80.7,76.8,11.8,11.7,53.2,51.6,85.59641,19.28132,2.053620328,31.2786,63.23235033,..,..,..
Saint Kitts and Nevis,caribbean,74.6,"26,770",..,8.5,..,..,1.5,2.2,80.7,147.7,..,91,..,..,..,..,..,..,..,..,13.3,..,..,1.64219,..,42.30769,0,..,..,..
Antigua and Barbuda,caribbean,76.9,"22,201",2.0,9.3,..,..,2.3,4.0,76.0,192.8,..,91,..,..,..,..,78.0,75.7,..,..,31.4,42.8,..,0,..,22.27273,-4.854368842,..,..,..
Bosnia and Herzegovina,europe,77.3,"12,690",1.3,9.7,81.2,11,42.4,3.9,70.1,104.1,54.7,365,"8,432","17,123",35.6,58.6,79.7,74.8,8.6,10.9,19.3,9.6,77.52204,40.75006,6.484723882,42.67578,-1.131221719,19.8,25.1,6.2
Mexico,northamerica,75.0,"17,628",2.1,8.6,59.7,38,"2,284.3",0.9,65.8,93.0,33.3,84,"11,254","24,286",43.8,78.9,77.8,72.1,8.4,8.8,48.4,60.4,90.42621,9.21521,3.611885237,33.92495,-5.463878387,15.5,34.8,..
Thailand,asia,76.9,"16,129",1.5,7.7,44.8,20,"1,173.7",3.8,56.8,180.2,79.8,90,"14,319","18,033",59.5,76.2,80.7,73.2,7.5,8.0,5.3,44.9,79.83902,22.86307,3.545807773,32.15761,17.30810425,18.4,28.4,20.2
Grenada,caribbean,72.4,"12,684",2.1,8.8,..,27,1.6,4.3,59.1,102.1,..,90,..,..,..,..,74.9,70.1,..,..,39.3,29.2,..,10.91957,..,49.97059,0,..,..,..
Brazil,southamerica,75.7,"14,068",1.7,7.8,59.5,44,"2,991.8",0.3,67.5,98.8,67.5,120,"10,432","17,827",54.0,74.4,79.4,72.0,8.1,7.6,15.0,59.1,59.10753,43.79039,2.021181749,58.93105,-9.904976175,10.6,41.9,28.3
Colombia,southamerica,77.1,"12,896",1.8,8.3,52.0,64,662.0,1.1,62.3,129.9,42.5,126,"10,236","15,656",58.6,82.0,79.9,74.3,8.5,8.2,19.0,66.7,76.68569,23.56476,1.782520131,52.70394,-9.224242776,12.4,39,20.5
Armenia,asia,74.9,"9,277",1.8,11.8,97.2,25,27.1,5.0,64.7,121.3,40.9,140,"6,342","12,581",49.6,69.9,78.4,71.2,11.8,11.8,18.1,21.5,74.56187,15.792,1.658979144,11.66842,-0.835817252,20.8,28.4,..
Algeria,africa,76.7,"13,639",3.1,8.0,38.9,140,586.4,0.1,59.6,121.9,29.3,98,"4,103","22,981",14.9,67.4,77.9,75.5,7.7,8.3,21.3,10.1,99.97792,0.05896,3.147610814,0.82444,17.79244005,23.1,22.9,..
North Macedonia,europe,75.7,"12,874",1.5,9.7,49.8,8,28.1,2.6,79.2,98.5,72.9,270,"9,464","16,279",42.7,67.5,77.7,73.7,9.2,10.2,38.3,15.7,79.42591,24.21813,3.320448513,39.57177,10.3410166,17.3,24.8,5.8
Peru,southamerica,76.5,"12,323",2.3,9.2,62.2,68,409.3,2.2,52.5,123.8,34.4,98,"8,839","15,854",69.9,84.7,79.3,73.8,8.7,9.7,27.7,56.9,79.55568,25.50391,1.659831433,57.66047,-5.281761736,14.4,32.3,..
China,asia,76.7,"16,127",1.7,7.9,78.6,27,"22,543.8",6.1,54.3,115.0,76.4,128,"12,665","19,410",61.3,75.9,79.1,74.5,7.5,8.3,24.9,7.6,87.67043,12.41335,6.404868397,22.35394,33.55199261,17,29.4,13.9
Ecuador,southamerica,76.8,"10,141",2.4,9.0,51.9,64,177.9,-0.4,57.3,92.3,42.6,84,"7,319","12,960",56.6,81.8,79.6,74.1,8.9,9.1,38.0,79.3,86.88466,13.81669,2.123446345,50.20595,-5.001990369,14.1,33.8,..
Azerbaijan,asia,72.9,"15,240",2.1,10.5,95.6,25,159.2,0.5,79.8,103.9,27.7,126,"9,849","20,656",63.1,69.7,75.3,70.3,10.2,10.8,16.8,55.8,98.36599,2.31076,3.226053952,14.09967,37.71508409,..,..,..
Ukraine,europe,72.0,"7,994",1.4,11.3,94.6,24,346.9,3.9,58.9,122.6,61.3,126,"6,064","10,232",46.7,62.8,76.7,67.0,11.3,11.3,12.3,23.7,75.34951,4.14432,4.421888396,16.70804,4.375698588,24.5,21.2,..
Dominican Republic,caribbean,73.9,"15,074",2.4,7.9,56.6,92,168.1,5.8,74.8,84.1,54.1,98,"11,176","18,974",50.9,77.6,77.2,70.8,8.3,7.6,24.3,94.3,86.5636,16.48011,2.151428854,41.73463,82.46153404,13.9,35.4,..
Saint Lucia,caribbean,76.1,"11,528",1.4,8.5,46.0,48,2.2,0.1,50.8,101.7,..,91,"9,085","14,046",60.2,75.3,77.4,74.7,8.8,8.2,20.7,40.5,..,2.13262,..,33.18033,-7.155961103,11,38.6,..
Tunisia,africa,76.5,"10,677",2.2,7.2,51.8,62,128.3,1.3,64.2,127.7,28.4,30,"4,737","16,722",24.1,69.9,78.5,74.5,6.4,7.9,31.3,7.8,88.87039,12.56235,2.226390875,6.76622,63.4836627,20.1,25.6,..
Mongolia,asia,69.7,"10,784",2.9,10.2,88.8,44,38.7,5.0,23.7,133.2,95.0,120,"9,666","11,931",53.3,66.7,74.0,65.6,10.5,9.9,17.1,31.0,93.19938,3.42974,5.876917802,8.0174,-0.641994805,20.4,25.6,..
Lebanon,middleeast,78.9,"11,136",2.1,8.7,54.9,15,79.5,-0.3,78.2,64.5,32.9,70,"4,667","17,530",23.5,70.9,80.8,77.1,8.5,8.9,4.7,14.5,97.6211,3.64672,3.455023702,13.42913,4.870232735,20.6,24.8,23.4
Botswana,africa,69.3,"15,951",2.9,9.3,90.0,129,37.2,2.2,47.0,150.0,46.8,84,"14,176","17,854",66.2,78.6,72.0,66.2,9.2,9.5,9.5,46.1,74.68798,28.87983,3.219553253,18.94694,-21.72474264,10.9,41.5,..
Saint Vincent and the Grenadines,caribbean,72.4,"11,746",1.9,8.6,..,45,1.2,2.2,22.4,96.1,..,91,"8,615","14,780",57.3,79.2,75.0,70.2,..,..,13.0,49.0,..,5.80743,..,69.23077,8,..,..,..
Jamaica,caribbean,74.4,"7,932",2.0,9.8,66.3,89,24.3,1.4,55.1,101.0,77.8,56,"6,326","9,559",60.4,73.9,76.0,72.8,10.0,9.5,19.0,52.8,80.97134,16.77191,2.487065744,30.91597,-2.838072724,..,..,..
Venezuela (Bolivarian Republic of),southamerica,72.1,"9,070",2.3,10.3,69.2,95,514.7,-4.7,72.0,71.8,70.0,182,"6,655","11,546",47.7,77.1,76.1,68.4,10.7,10.0,22.2,85.3,88.37797,12.84158,4.266185794,52.73919,-10.58585791,..,..,..
Dominica,caribbean,78.1,"9,245",..,7.8,..,..,0.7,0.3,69.6,105.8,..,84,..,..,..,..,..,..,..,..,25.0,..,..,7.8298,..,57.41334,-13.87999725,..,..,..
Fiji,oceania,67.3,"9,110",2.8,10.9,76.9,30,8.6,4.3,50.0,117.8,..,84,"5,839","12,292",38.1,76.1,69.2,65.6,11.0,10.7,19.6,49.4,..,31.26395,..,55.94198,7.257841471,18.8,29.7,..
Paraguay,southamerica,74.1,"11,720",2.4,8.5,47.8,132,83.9,2.3,65.0,107.0,46.0,98,"8,325","15,001",56.9,84.1,76.3,72.2,8.5,8.4,16.0,70.5,33.70331,61.67699,0.945281941,37.7488,-29.11282503,13.2,39.2,..
Suriname,southamerica,71.6,"11,933",2.4,9.1,60.5,155,7.9,1.0,48.9,139.5,..,..,"7,953","15,868",39.2,64.2,74.9,68.4,9.0,9.2,25.5,61.7,76.2535,24.91311,3.37412018,98.25769,-0.659752461,..,..,..
Jordan,middleeast,74.4,"8,268",2.8,10.5,84.0,58,82.7,0.1,66.8,87.6,26.6,70,"2,734","13,668",14.1,64.0,76.2,72.7,10.2,10.7,15.4,25.9,97.60845,3.22917,2.497622533,1.09822,-0.6082451,20.3,27.5,16.1
Belize,northamerica,74.5,"7,136",2.3,9.8,78.6,28,3.0,1.1,47.1,85.5,52.3,98,"5,665","8,619",53.3,81.4,77.7,71.6,9.9,9.7,11.1,68.5,..,35.02363,..,59.67909,-15.76393974,..,..,..
Maldives,asia,78.6,"12,549",1.9,6.8,47.1,68,7.0,2.1,63.2,166.4,..,60,"7,454","15,576",41.9,82.0,80.5,77.2,6.7,6.9,5.9,7.8,..,1.00959,..,3.33333,0,17.4,29.9,..
Tonga,oceania,70.8,"5,783",3.6,11.2,93.7,124,0.6,-0.9,41.2,105.8,..,..,"3,817","7,747",45.3,74.1,72.8,68.9,11.3,11.2,7.4,14.7,..,1.87975,..,12.5,0,18.2,29.7,..
Philippines,asia,71.1,"9,540",2.6,9.4,73.2,114,847.1,4.8,60.1,110.1,38.9,60,"7,541","11,518",45.7,74.1,75.4,67.1,9.6,9.2,29.1,54.2,62.4349,27.45154,1.106962916,27.76939,26.31578947,16.8,31.3,..
Moldova (Republic of),europe,71.8,"6,833",1.3,11.6,96.4,23,23.0,4.1,76.1,88.0,44.6,126,"5,886","7,861",38.9,45.6,76.1,67.5,11.6,11.5,22.8,22.4,88.68802,14.27369,1.896946121,12.57525,29.57633263,24.1,21.7,6.1
Turkmenistan,asia,68.1,"16,407",2.8,9.8,..,42,100.2,4.5,21.3,162.9,35.5,..,"11,746","21,213",52.8,78.2,71.6,64.6,..,..,24.8,24.4,..,0.04089,12.1807696,8.78216,0,..,..,..
Uzbekistan,asia,71.6,"6,462",2.4,11.5,99.9,36,205.7,3.3,52.3,75.9,36.0,126,"4,656","8,277",53.4,78.0,73.7,69.4,11.3,11.8,16.4,23.8,97.7385,2.97018,2.713970987,7.54297,5.378654493,..,..,..
Libya,africa,72.7,"11,685",2.3,7.6,57.4,9,122.9,6.3,21.8,91.5,59.6,98,"4,867","18,363",25.7,79.0,75.8,69.9,8.0,7.2,16.0,5.8,99.1113,1.96655,6.666808376,0.12333,0,..,..,..
Indonesia,asia,71.5,"11,256",2.3,8.0,48.8,126,"3,106.5",4.0,39.8,119.8,51.4,90,"7,672","14,789",52.2,82.0,73.7,69.4,7.6,8.4,19.8,47.4,66.08948,36.87935,1.739177604,49.8604,-23.80479855,17.5,29.5,..
Samoa,oceania,73.2,"5,885",3.9,10.6,74.5,51,1.2,0.3,33.6,63.6,..,28,"3,955","7,685",23.7,38.6,75.3,71.2,..,..,10.0,23.9,..,34.32489,..,60.42403,31.53846154,17.9,31.3,..
South Africa,africa,63.9,"11,756",2.4,10.2,76.5,138,701.6,-0.7,56.2,153.2,70.0,120,"9,035","14,554",48.9,62.6,67.4,60.5,10.0,10.5,41.8,67.9,86.79143,17.15014,7.372164278,7.61774,0,7.2,50.5,19.2
Bolivia (Plurinational State of),southamerica,71.2,"6,849",2.8,9.0,58.8,206,79.3,2.8,43.8,100.8,53.9,90,"4,902","8,780",56.6,79.4,74.2,68.4,8.3,9.8,51.8,64.9,84.15329,17.53818,1.830433327,50.28616,-13.24946254,13.6,31.7,..
Gabon,africa,66.2,"15,794",4.0,8.3,57.6,291,33.7,-1.4,62.0,138.3,53.7,98,"11,238","20,183",43.4,60.2,68.3,64.2,7.5,9.2,17.4,96.2,22.78652,82.00784,1.668930256,90.03765,5.454545455,16.8,27.7,..
Egypt,africa,71.8,"10,744",3.3,7.3,65.3,33,"1,084.0",3.2,46.9,95.3,27.0,90,"4,364","16,989",22.8,73.2,74.2,69.6,6.7,8.0,14.9,53.8,97.92893,5.70938,2.168463177,0.07394,67.2727238,21.9,27.8,19.1
Marshall Islands,oceania,73.9,"4,633",..,10.9,92.1,..,0.2,1.9,38.7,27.6,..,..,..,..,..,..,..,..,10.9,11.2,9.1,..,..,11.16448,..,70.22222,..,..,..,..
Viet Nam,asia,75.3,"6,220",2.1,8.2,69.4,54,631.4,6.0,70.3,147.2,30.4,180,"5,739","6,703",72.7,82.5,79.4,71.2,7.9,8.5,26.7,30.9,69.82184,34.99857,1.998100777,48.06012,67.07344847,18.8,27.1,..
"Palestine, State of",middleeast,73.9,"5,314",3.7,9.1,61.1,45,20.9,-1.6,64.4,89.5,15.9,84,"1,824","8,705",19.3,71.1,75.6,72.3,8.9,9.3,..,52.8,..,10.47271,..,1.52326,0.991191116,19.2,25.2,15.8
Iraq,middleeast,70.5,"15,365",3.7,7.3,48.0,50,598.2,-1.7,49.4,94.9,19.5,98,"3,712","26,745",12.4,72.6,72.5,68.4,6.0,8.6,25.2,71.7,95.98418,0.79883,3.821540147,1.90036,3.378228358,21.9,23.7,22
Morocco,africa,76.5,"7,480",2.4,5.5,32.2,121,279.3,1.6,64.8,124.2,16.8,98,"3,012","12,019",21.4,70.4,77.7,75.2,4.6,6.4,18.4,31.0,88.46886,11.31746,1.57431972,12.60139,13.52442471,17.4,31.9,..
Kyrgyzstan,asia,71.3,"3,317",3.0,10.9,98.4,76,21.8,1.6,38.0,122.6,38.9,126,"2,192","4,465",48.0,75.8,75.5,67.3,11.0,10.8,19.2,32.8,75.47622,23.30682,1.52938678,3.27946,-24.76076555,23.6,23.3,..
Guyana,southamerica,69.8,"7,615",2.5,8.5,63.3,229,5.9,2.9,37.3,83.0,..,91,"4,676","10,533",41.2,73.6,73.0,66.8,8.9,8.0,31.9,74.4,..,25.25873,..,83.90145,-0.864345738,..,..,..
El Salvador,northamerica,73.1,"6,973",2.1,6.9,42.8,54,47.5,2.0,33.8,146.9,24.4,112,"5,234","8,944",46.1,78.9,77.6,68.2,6.6,7.3,31.0,69.5,48.42959,24.40077,1.063380733,12.57722,-30.87532995,17.4,29.1,..
Tajikistan,asia,70.9,"3,482",3.6,10.7,93.1,32,27.9,4.7,22.0,111.5,42.1,140,"1,044","5,881",27.8,59.7,73.2,68.7,10.1,11.2,20.0,57.1,45.98414,44.6592,0.550811622,2.9714,1.930521259,19.4,26.4,..
Cabo Verde,africa,72.8,"6,513",2.3,6.2,29.9,42,3.6,4.3,58.2,112.2,..,60,"5,523","7,497",65.1,73.2,76.0,69.3,6.0,6.5,20.8,73.8,..,26.57972,..,22.54591,57.33333439,..,..,..
Guatemala,northamerica,74.1,"7,378",2.9,6.5,37.8,88,129.5,1.2,65.0,118.7,42.1,84,"4,864","9,970",41.1,85.0,76.9,71.1,6.4,6.5,12.7,70.9,37.3786,63.65099,0.980035308,32.69504,-26.20892802,13.1,38,..
Nicaragua,northamerica,74.3,"4,790",2.4,6.8,47.5,150,31.7,-5.0,27.9,115.1,24.8,84,"4,277","5,318",50.7,83.7,77.8,70.7,7.1,6.5,45.7,85.0,40.69539,48.20491,0.841215398,25.87668,-31.01462118,14.3,37.2,..
India,asia,69.4,"6,829",2.2,6.5,51.6,174,"9,332.0",5.9,34.5,86.9,76.6,182,"2,625","10,712",23.6,78.6,70.7,68.2,4.7,8.2,11.7,13.2,73.57698,36.02122,1.567992415,23.83312,10.82500264,19.8,30.1,21.3
Namibia,africa,63.4,"9,683",3.4,6.9,41.1,265,24.2,-1.9,51.0,112.7,80.7,84,"8,917","10,497",56.2,65.9,66.2,60.4,7.3,6.6,39.7,63.6,66.71909,26.46843,1.720917845,8.31396,-21.88085135,8.6,47.3,..
Timor-Leste,asia,69.3,"7,527",4.1,4.5,..,215,8.6,0.8,27.5,103.2,..,84,"5,389","9,618",25.0,52.6,71.4,67.3,3.6,5.3,33.8,33.8,..,18.22369,..,45.37996,-30.1449288,22.8,24,..
Honduras,northamerica,75.1,"4,258",2.5,6.6,33.5,129,43.7,2.0,31.7,79.2,41.0,84,"3,214","5,305",47.2,83.7,77.4,72.8,6.6,6.6,21.1,72.9,52.47931,51.53741,0.984813061,39.96783,-45.03441495,11,37.7,..
Kiribati,oceania,68.1,"3,917",3.6,7.9,..,90,0.2,0.5,14.6,46.6,..,84,..,..,..,..,72.1,64.0,..,..,6.5,16.2,..,4.254,..,15,0,..,..,..
Bhutan,asia,71.5,"8,609",2.0,3.1,12.0,148,7.1,1.1,48.1,93.3,27.7,56,"6,388","10,579",58.2,74.5,71.8,71.1,2.1,4.2,15.3,20.2,..,86.90455,..,72.48454,35.10517452,17.5,27.9,..
Bangladesh,asia,72.3,"4,057",2.1,6.1,46.7,176,625.9,6.7,15.0,97.3,35.8,112,"2,373","5,701",36.0,81.3,74.3,70.6,5.3,6.8,20.3,83.0,73.76894,34.74707,0.464206365,10.95798,-4.524764095,21,26.8,..
Micronesia (Federated States of),oceania,67.8,"3,700",3.1,7.7,..,100,0.4,0.3,..,..,..,..,..,..,..,..,69.5,66.1,..,..,0.0,13.9,..,1.19624,..,91.85715,..,16.2,29.7,..
Sao Tome and Principe,africa,70.2,"3,024",4.4,6.4,40.8,156,0.6,0.7,29.9,77.1,..,98,"1,885","4,162",43.3,76.2,72.6,67.8,5.7,7.2,14.5,94.6,..,41.056,..,55.83333,-4.28571701,21.1,24.2,..
Congo,africa,64.3,"5,804",4.5,6.5,48.8,442,26.3,-1.5,8.7,98.9,21.0,105,"4,989","6,621",66.9,71.6,65.7,62.8,6.1,7.5,14.0,112.2,40.4806,62.40212,0.53202211,65.35461,-1.792662108,12.4,37.9,..
Eswatini (Kingdom of),africa,59.4,"9,359",3.0,6.7,32.6,389,10.8,-0.4,47.0,93.5,27.4,14,"7,030","11,798",41.4,65.9,64.0,55.3,6.3,7.2,12.1,76.7,..,66.10466,..,34.33721,25.12711347,11.5,40,..
Lao People's Democratic Republic,asia,67.6,"6,317",2.7,5.2,40.4,197,46.7,4.9,25.5,51.9,31.9,105,"5,027","7,595",76.8,79.7,69.4,65.8,4.8,5.6,27.5,65.4,..,59.31586,..,82.10823,7.399756636,19.1,29.8,..
Vanuatu,oceania,70.3,"2,808",3.8,6.8,..,78,0.8,0.7,25.7,79.9,..,84,"2,185","3,413",61.5,79.6,72.0,68.8,..,..,0.0,49.4,..,36.11106,..,36.09516,0,17.8,29.4,..
Ghana,africa,63.8,"4,099",3.9,7.2,63.1,319,125.4,4.0,39.0,137.5,53.7,84,"3,287","4,889",63.6,71.5,64.9,62.7,6.4,7.9,12.7,66.6,52.54306,41.41279,0.448564872,41.15936,8.559179212,14.3,32.2,..
Zambia,africa,63.5,"3,582",4.7,7.1,44.3,224,65.0,0.8,14.3,89.2,40.3,84,"3,011","4,164",70.8,79.8,66.4,60.5,6.7,7.5,18.0,120.1,10.56332,87.98545,0.222691316,65.19915,-8.203790838,8.9,44.4,..
Equatorial Guinea,africa,58.4,"17,796",4.6,5.6,..,342,27.3,-6.4,26.2,45.2,..,84,"12,781","21,809",55.2,67.1,59.6,57.4,3.9,7.2,18.0,155.6,..,7.8228,..,55.48663,-16.32257933,..,..,..
Myanmar,asia,66.9,"5,764",2.2,5.0,25.8,178,318.1,5.6,30.7,113.8,26.0,98,"3,613","8,076",47.7,77.3,69.9,63.8,5.0,4.9,10.2,28.5,44.2899,61.52781,0.397566596,43.6311,-27.29188149,18.6,31.7,..
Cambodia,asia,69.6,"3,597",2.5,4.8,21.3,161,62.9,5.9,40.0,119.5,21.5,90,"3,129","4,089",75.2,87.6,71.6,67.3,4.1,5.7,19.3,50.2,30.62908,64.92378,0.589041482,52.85293,-27.92336519,..,..,..
Kenya,africa,66.3,"3,052",3.5,6.6,35.2,510,158.1,3.9,17.8,96.3,77.7,90,"2,619","3,490",63.6,69.1,68.7,64.0,6.0,7.2,23.3,75.1,17.37957,72.66275,0.319969606,7.81811,-5.808634681,16.5,31.6,..
Nepal,asia,70.5,"2,748",1.9,4.9,35.9,258,76.5,4.5,..,139.4,41.6,52,"2,113","3,510",81.7,84.4,71.9,69.0,3.6,6.4,33.5,65.1,15.48268,85.26396,0.311772916,25.36449,-24.70163115,20.4,26.4,..
Angola,africa,60.8,"5,555",5.6,5.1,30.2,477,176.4,-5.3,14.3,43.1,22.3,90,"4,720","6,407",75.4,80.1,63.7,58.1,4.0,6.4,30.5,150.5,48.30559,49.56821,0.677888791,46.30721,-5.321439224,15,32.3,..
Cameroon,africa,58.9,"3,291",4.6,6.3,37.2,596,84.5,1.2,23.2,69.1,30.0,98,"2,724","3,858",71.2,81.4,60.2,57.7,4.8,7.8,29.3,105.8,38.31786,76.5384,0.255490229,39.33913,-23.52360586,13,35,..
Zimbabwe,africa,61.2,"2,661",3.6,8.3,58.7,443,38.8,4.7,27.1,89.4,51.7,98,"2,280","3,080",78.6,89.0,62.6,59.5,7.6,9.0,34.3,86.1,29.09576,81.79781,0.736475854,35.54246,-37.96426814,15.3,33.8,..
Pakistan,asia,67.1,"5,190",3.6,5.2,37.2,178,"1,045.8",3.3,15.5,72.6,7.0,84,"1,570","8,605",23.9,81.5,68.1,66.2,3.8,6.5,20.0,38.8,61.58536,46.47632,0.753214069,1.85373,-43.45073209,21.1,28.9,..
Solomon Islands,oceania,72.8,"2,027",4.4,5.5,..,114,1.4,0.7,11.9,73.8,..,84,"1,569","2,469",62.4,80.3,74.7,71.2,..,..,2.0,78.0,..,63.30745,..,77.86352,-6.222035183,18.4,29.2,..
Syrian Arab Republic,middleeast,71.8,"2,725",2.8,5.1,41.0,68,..,..,34.3,98.4,19.6,120,656,"4,779",12.0,70.3,77.8,66.6,4.6,5.6,13.2,38.6,97.79178,0.52116,1.493967419,2.67386,32.09706405,..,..,14.7
Papua New Guinea,oceania,64.3,"3,686",3.6,4.6,12.5,215,32.9,-1.5,11.2,47.6,..,0,"3,248","4,106",46.0,47.6,65.6,63.0,3.9,5.4,0.0,52.7,..,52.49865,..,74.0984,-0.210547421,15.1,31,..
Comoros,africa,64.1,"2,426",4.2,4.9,..,335,2.1,0.5,8.5,59.9,17.9,98,"1,812","3,030",37.4,50.7,65.9,62.4,3.9,5.9,6.1,65.4,..,45.33305,..,19.66684,-25.30612556,13.6,33.7,..
Rwanda,africa,68.7,"1,959",4.1,4.4,16.3,290,24.6,5.8,21.8,78.9,45.0,84,"1,708","2,218",84.2,83.6,70.8,66.5,3.9,4.9,55.7,39.1,..,86.65537,..,19.73247,53.08175717,15.8,35.6,..
Nigeria,africa,54.3,"5,086",5.4,6.5,..,814,"1,041.2",-0.7,42.0,88.2,27.3,84,"4,313","5,838",50.6,59.8,55.2,53.5,5.3,7.6,5.8,107.3,18.87677,86.63562,0.462432182,7.22839,-61.79993094,15.1,32.7,..
Tanzania (United Republic of),africa,65.0,"2,805",4.9,6.0,14.3,398,156.8,2.1,25.0,77.2,42.2,84,"2,436","3,175",79.4,87.2,66.8,63.2,5.6,6.4,37.2,118.4,14.38062,85.71304,0.199625895,51.57823,-18.29756795,18.5,31,..
Uganda,africa,63.0,"1,752",5.0,6.1,32.1,343,77.2,2.2,23.7,57.3,52.7,84,"1,272","2,247",67.2,75.0,65.2,60.7,4.8,7.4,34.3,118.8,..,89.05795,..,9.68382,-59.27332067,15.9,34.2,..
Mauritania,africa,64.7,"3,746",4.6,4.6,18.8,602,16.4,0.8,20.8,103.7,15.5,98,"2,018","5,462",29.2,63.2,66.3,63.1,3.7,5.5,20.3,71.0,..,32.15957,..,0.21442,-46.74698795,19.9,24.9,..
Madagascar,africa,66.7,"1,404",4.1,6.1,..,353,38.1,2.4,9.8,40.6,16.3,98,"1,119","1,690",83.6,89.3,68.3,65.1,6.4,5.8,19.6,109.6,..,70.17442,..,21.41114,-9.060523633,15.7,33.5,..
Benin,africa,61.5,"2,135",4.9,3.8,26.5,405,24.7,4.0,20.0,82.4,28.6,98,"1,863","2,407",69.2,73.3,63.0,59.9,3.0,4.4,7.2,86.1,36.72458,50.86262,0.523819628,37.78822,-26.03714633,12.8,37.6,..
Lesotho,africa,53.7,"3,244",3.2,6.3,30.0,487,6.0,0.7,29.0,113.8,46.5,84,"2,641","3,864",59.8,74.9,57.0,50.6,7.0,5.5,22.7,92.7,..,52.13921,..,1.6469,25,9.6,40.9,..
Côte d'Ivoire,africa,57.4,"3,589",4.7,5.2,26.1,645,93.6,4.7,46.8,134.9,35.6,98,"1,790","5,355",48.3,66.0,58.7,56.3,4.1,6.3,9.2,117.6,26.49233,64.52803,0.432612338,32.70629,1.747208074,15.9,31.9,17.1
Senegal,africa,67.7,"3,256",4.7,3.1,17.6,315,53.2,3.8,46.0,104.5,38.4,98,"2,173","4,396",35.2,58.6,69.6,65.5,1.8,4.4,41.8,72.7,53.90912,42.71175,0.544235146,42.76217,-11.92768507,16.4,31,..
Togo,africa,60.8,"1,593",4.4,4.9,40.5,368,12.4,2.3,12.4,77.9,37.6,98,"1,200","1,989",76.1,79.3,61.6,59.9,3.3,6.6,17.6,89.1,17.80063,71.26467,0.260188116,3.09248,-75.44525592,14.5,31.6,..
Sudan,africa,65.1,"3,962",4.4,3.7,17.5,311,176.8,-4.6,30.9,72.0,10.0,56,"1,759","6,168",24.5,70.3,66.9,63.3,3.2,4.2,31.0,64.0,31.72653,61.59675,0.473681634,..,..,18.5,26.7,..
Haiti,caribbean,63.7,"1,665",3.0,5.4,33.2,359,18.4,0.2,32.5,57.5,30.0,42,"1,388","1,949",63.3,72.8,65.8,61.5,4.3,6.6,2.7,51.7,22.01589,76.07221,0.299816328,3.49057,-17.06896815,15.8,31.2,..
Afghanistan,asia,64.5,"1,746",4.6,3.9,26.1,396,64.5,-1.4,13.5,59.1,7.2,90,"1,102","2,355",48.7,82.1,66.0,63.0,1.9,6.0,27.4,69.0,..,18.42348,..,2.06782,0,..,..,..
Djibouti,africa,66.6,"3,601",2.8,4.0,..,229,..,4.3,55.7,41.2,8.8,98,"2,900","4,232",54.8,71.1,68.8,64.6,..,..,26.2,18.8,..,15.3806,..,0.24159,0,15.8,32.3,..
Malawi,africa,63.8,"1,159",4.3,4.6,21.8,634,21.1,0.8,13.8,39.0,29.8,56,925,"1,400",72.9,82.0,66.9,60.7,4.1,5.1,16.7,132.7,..,83.64943,..,33.18838,-19.68685832,16.2,38.1,..
Ethiopia,africa,66.2,"1,782",4.3,2.8,17.1,353,196.0,4.0,18.6,37.2,29.1,90,"1,333","2,231",74.2,86.5,68.2,64.4,1.6,3.9,37.3,66.7,6.56981,92.16346,0.105488753,12.5396,..,17.6,31.4,..
Gambia,africa,61.7,"1,490",5.3,3.7,36.8,706,3.5,3.5,19.8,139.5,..,180,800,"2,190",51.7,67.7,63.2,60.4,3.0,4.3,10.3,78.2,..,51.50886,..,48.37945,10.76923215,19,28.7,..
Guinea,africa,61.2,"2,211",4.7,2.7,11.7,679,29.0,5.6,18.0,96.1,19.7,98,"1,878","2,569",64.1,65.1,61.7,60.5,1.5,3.9,21.9,135.3,..,76.26839,..,25.75289,-12.88546256,19.8,26.4,..
Liberia,africa,63.7,"1,040",4.4,4.7,29.0,725,5.6,-1.2,8.0,56.6,28.2,98,"1,051","1,030",54.7,57.5,65.1,62.3,3.5,5.9,11.7,136.0,..,83.84704,..,43.07517,-15.82471089,18.8,27.1,..
Yemen,middleeast,66.1,"1,433",3.8,3.2,28.0,385,65.1,-5.0,26.7,55.2,1.7,70,168,"2,679",6.0,70.8,67.8,64.4,1.9,4.4,0.5,60.4,98.4885,2.27642,0.339220018,1.03983,0,18.8,29.4,15.7
Guinea-Bissau,africa,58.0,"1,593",4.5,3.3,..,549,3.0,1.2,3.9,79.0,..,60,"1,305","1,895",67.3,78.9,59.9,56.0,..,..,13.7,104.8,..,86.85179,..,69.7724,-11.46209386,12.8,42,..
Congo (Democratic Republic of the),africa,60.4,800,6.0,6.8,50.7,693,69.5,2.4,8.6,43.4,24.2,98,684,917,60.8,66.5,61.9,58.9,5.3,8.4,8.2,124.2,5.35581,95.8177,0.025117679,67.16508,-5.048799443,15.5,32,..
Mozambique,africa,60.2,"1,154",4.9,3.5,19.3,489,34.8,0.3,10.0,47.7,32.9,60,"1,031","1,284",77.5,79.6,63.0,57.1,2.5,4.6,39.6,148.6,12.61995,86.40051,0.259828103,47.98393,-13.01212236,11.8,45.5,..
Sierra Leone,africa,54.3,"1,381",4.3,3.6,26.3,"1,360",10.9,1.5,9.0,88.5,15.4,84,"1,238","1,525",57.7,58.5,55.1,53.5,2.8,4.4,12.3,112.8,..,77.66056,..,43.05348,-0.333544014,19.8,26.9,..
Burkina Faso,africa,61.2,"1,705",5.2,1.6,8.8,371,34.7,3.5,16.0,97.9,34.5,98,"1,336","2,077",58.5,75.1,61.9,60.4,1.0,2.1,11.0,104.3,..,74.16719,..,19.33553,-22.73696224,20,29.6,..
Eritrea,africa,65.9,"1,708",4.1,3.9,..,501,..,..,1.3,20.4,..,60,"1,403","2,011",74.1,87.1,68.2,63.8,..,..,22.0,52.6,23.13345,79.76747,0.18687675,14.90693,-7.119063813,..,..,..
Mali,africa,58.9,"1,965",5.9,2.4,13.1,587,39.2,1.8,13.0,115.1,25.7,98,"1,311","2,618",61.3,80.9,59.6,58.1,1.7,3.0,8.8,169.1,..,61.52698,..,3.79941,-30.70254111,20.1,25.7,..
Burundi,africa,61.2,660,5.5,3.1,9.3,712,7.4,-1.6,2.7,56.5,6.7,84,763,555,80.4,77.6,63.0,59.4,2.7,3.6,38.8,55.6,..,95.67892,..,10.92679,-2.906572283,17.9,31,..
South Sudan,africa,57.6,"1,455",4.7,4.8,33.2,789,18.2,-12.1,8.0,33.5,4.7,56,"1,277","1,633",71.8,74.3,59.1,56.1,4.0,5.3,26.6,62.0,72.22263,39.07438,0.16293534,..,..,12.5,33.2,..
Chad,africa,54.0,"1,716",5.8,2.4,6.0,856,27.0,-0.4,6.5,45.1,14.9,98,"1,377","2,056",64.8,77.9,55.4,52.6,1.3,3.6,15.3,161.1,..,89.3574,..,3.77097,-29.18120951,14.6,32.4,..
Central African Republic,africa,52.8,777,4.8,4.3,22.1,882,3.6,2.8,4.3,27.7,9.7,98,622,935,64.7,79.8,55.0,50.6,3.0,5.6,8.6,129.1,..,76.56702,..,35.56198,-1.797870609,10.3,46.2,..
Niger,africa,62.0,912,7.0,2.0,6.6,553,20.9,1.2,5.3,40.6,10.9,98,112,"1,705",67.3,90.5,63.2,60.9,1.4,2.7,17.0,186.5,24.06037,78.93983,0.093560003,0.89177,-41.92288043,19.6,27,..
Korea (Democratic People's Rep. of),asia,72.1,..,1.9,..,..,82,..,..,..,15.0,..,..,..,..,74.3,87.3,75.5,68.4,..,..,16.3,0.3,62.05199,23.12326,1.00471537,40.72751,-40.20241434,..,..,..
Monaco,europe,..,..,..,..,..,..,..,-4.3,97.1,84.5,..,..,..,..,..,..,..,..,..,..,33.3,..,..,..,..,..,..,..,..,..
Nauru,oceania,..,"17,313",..,..,..,..,0.2,-2.2,57.0,94.6,..,..,..,..,..,..,..,..,..,..,10.5,..,..,0.07629,..,0,0,..,..,..
San Marino,europe,..,..,..,..,..,..,1.9,1.0,60.2,112.9,..,630,..,..,..,..,..,..,..,..,26.7,..,..,..,..,0,0,..,..,..
Somalia,africa,57.1,..,6.1,..,..,732,..,..,2.0,48.8,33.7,..,..,..,19.1,74.3,58.8,55.4,..,..,24.3,100.1,..,94.28597,..,10.0204,-24.09804159,..,..,..
Tuvalu,oceania,..,"5,409",..,..,..,..,0.0,1.3,49.3,70.4,..,..,..,..,..,..,..,..,..,..,6.7,..,..,0,..,33.33333,0,17.4,30.7,..
,,,,,,,,,,,,,,,,,,,,,,,,,,,,,,,
,,,,,,,,,,,,,,,,,,,,,,,,,,,,,,,
,,,,,,,,,,,,,,,,,,,,,,,,,,,,,,,
,,,,,,,,,,,,,,,,,,,,,,,,,,,,,,,
,,,,,,,,,,,,,,,,,,,,,,,,,,,,,,,
,,,,,,,,,,,,,,,,,,,,,,,,,,,,,,,
,,,,,,,,,,,,,,,,,,,,,,,,,,,,,,,
,,,,,,,,,,,,,,,,,,,,,,,,,,,,,,,
,,,,,,,,,,,,,,,,,,,,,,,,,,,,,,,
,,,,,,,,,,,,,,,,,,,,,,,,,,,,,,,
,,,,,,,,,,,,,,,,,,,,,,,,,,,,,,,
,,,,,,,,,,,,,,,,,,,,,,,,,,,,,,,
,,,,,,,,,,,,,,,,,,,,,,,,,,,,,,,
,,,,,,,,,,,,,,,,,,,,,,,,,,,,,,,
,,,,,,,,,,,,,,,,,,,,,,,,,,,,,,,
,,,,,,,,,,,,,,,,,,,,,,,,,,,,,,,
,,,,,,,,,,,,,,,,,,,,,,,,,,,,,,,
,,,,,,,,,,,,,,,,,,,,,,,,,,,,,,,
,,,,,,,,,,,,,,,,,,,,,,,,,,,,,,,
,,,,,,,,,,,,,,,,,,,,,,,,,,,,,,,
,,,,,,,,,,,,,,,,,,,,,,,,,,,,,,,
,,,,,,,,,,,,,,,,,,,,,,,,,,,,,,,
,,,,,,,,,,,,,,,,,,,,,,,,,,,,,,,
,,,,,,,,,,,,,,,,,,,,,,,,,,,,,,,
,,,,,,,,,,,,,,,,,,,,,,,,,,,,,,,
,,,,,,,,,,,,,,,,,,,,,,,,,,,,,,,
,,,,,,,,,,,,,,,,,,,,,,,,,,,,,,,
,,,,,,,,,,,,,,,,,,,,,,,,,,,,,,,
,,,,,,,,,,,,,,,,,,,,,,,,,,,,,,,
,,,,,,,,,,,,,,,,,,,,,,,,,,,,,,,
,,,,,,,,,,,,,,,,,,,,,,,,,,,,,,,
,,,,,,,,,,,,,,,,,,,,,,,,,,,,,,,
,,,,,,,,,,,,,,,,,,,,,,,,,,,,,,,
,,,,,,,,,,,,,,,,,,,,,,,,,,,,,,,
,,,,,,,,,,,,,,,,,,,,,,,,,,,,,,,
,,,,,,,,,,,,,,,,,,,,,,,,,,,,,,,
,,,,,,,,,,,,,,,,,,,,,,,,,,,,,,,
,,,,,,,,,,,,,,,,,,,,,,,,,,,,,,,
,,,,,,,,,,,,,,,,,,,,,,,,,,,,,,,
,,,,,,,,,,,,,,,,,,,,,,,,,,,,,,,
,,,,,,,,,,,,,,,,,,,,,,,,,,,,,,,
,,,,,,,,,,,,,,,,,,,,,,,,,,,,,,,
,,,,,,,,,,,,,,,,,,,,,,,,,,,,,,,
,,,,,,,,,,,,,,,,,,,,,,,,,,,,,,,
,,,,,,,,,,,,,,,,,,,,,,,,,,,,,,,
,,,,,,,,,,,,,,,,,,,,,,,,,,,,,,,
,,,,,,,,,,,,,,,,,,,,,,,,,,,,,,,
,,,,,,,,,,,,,,,,,,,,,,,,,,,,,,,
,,,,,,,,,,,,,,,,,,,,,,,,,,,,,,,
,,,,,,,,,,,,,,,,,,,,,,,,,,,,,,,
,,,,,,,,,,,,,,,,,,,,,,,,,,,,,,,
,,,,,,,,,,,,,,,,,,,,,,,,,,,,,,,
,,,,,,,,,,,,,,,,,,,,,,,,,,,,,,,
,,,,,,,,,,,,,,,,,,,,,,,,,,,,,,,
,,,,,,,,,,,,,,,,,,,,,,,,,,,,,,,
,,,,,,,,,,,,,,,,,,,,,,,,,,,,,,,
,,,,,,,,,,,,,,,,,,,,,,,,,,,,,,,
,,,,,,,,,,,,,,,,,,,,,,,,,,,,,,,
,,,,,,,,,,,,,,,,,,,,,,,,,,,,,,,
,,,,,,,,,,,,,,,,,,,,,,,,,,,,,,,
,,,,,,,,,,,,,,,,,,,,,,,,,,,,,,,
,,,,,,,,,,,,,,,,,,,,,,,,,,,,,,,
,,,,,,,,,,,,,,,,,,,,,,,,,,,,,,,
